{"cameraMode":{"drawMode":0,"name":"Shaded","section":"Shading Mode"},"sceneLighting":true,"audioPlay":false,"sceneViewState":{"showFog":true,"showMaterialUpdate":false,"showSkybox":true,"showFlares":true,"showImageEffects":true,"showParticleSystems":true},"in2DMode":false,"pivot":{"x":14.002686500549317,"y":3.519245147705078,"z":-2.008481025695801},"rotation":{"x":0.0003422336303628981,"y":0.9988439679145813,"z":0.04767124354839325,"w":-0.007190006319433451},"size":8.317895889282227,"orthographic":false}